,N,R,i,max_samples,method,minWLeaf,oob,oos,scoring,simNum
1,-0.18241749975910798,0.004085827722830837,0.18615748994502263,1.0,MDA,0.0,0.8,0.6559999999999999,accuracy,MDA_accuracy_0.00_1.0
0,0.41317571978886525,0.30438738189639025,0.28243689831474406,1.0,MDI,0.0,0.792,0.6589999999999999,accuracy,MDI_accuracy_0.00_1.0
2,0.4885579937304075,0.25757575757575757,0.2538662486938349,1.0,SFI,0.0,0.79,0.6559999999999998,accuracy,SFI_accuracy_0.00_1.0
